{"file:///c%3A/Users/Ra%C3%BAl/OneDrive/Escritorio/Universidad/Estad%C3%ADstica/3%C2%BA%20Estad%C3%ADstica/1%C2%BA%20Cuatrimestre/Programaci%C3%B3n%20lll/RepositorioGitHub/proglll-2425-PA4/Trabajo%20Final/TrabajoFinal/src/model/IExporter.java":{"language":"Java","code":6,"comment":0,"blank":5},"file:///c%3A/Users/Ra%C3%BAl/OneDrive/Escritorio/Universidad/Estad%C3%ADstica/3%C2%BA%20Estad%C3%ADstica/1%C2%BA%20Cuatrimestre/Programaci%C3%B3n%20lll/RepositorioGitHub/proglll-2425-PA4/Trabajo%20Final/TrabajoFinal/src/controller/Controller.java":{"language":"Java","code":73,"comment":11,"blank":23},"file:///c%3A/Users/Ra%C3%BAl/OneDrive/Escritorio/Universidad/Estad%C3%ADstica/3%C2%BA%20Estad%C3%ADstica/1%C2%BA%20Cuatrimestre/Programaci%C3%B3n%20lll/RepositorioGitHub/proglll-2425-PA4/Trabajo%20Final/TrabajoFinal/src/model/BinaryRepository.java":{"language":"Java","code":78,"comment":0,"blank":12},"file:///c%3A/Users/Ra%C3%BAl/OneDrive/Escritorio/Universidad/Estad%C3%ADstica/3%C2%BA%20Estad%C3%ADstica/1%C2%BA%20Cuatrimestre/Programaci%C3%B3n%20lll/RepositorioGitHub/proglll-2425-PA4/Trabajo%20Final/TrabajoFinal/README.md":{"language":"Markdown","code":10,"comment":0,"blank":9},"file:///c%3A/Users/Ra%C3%BAl/OneDrive/Escritorio/Universidad/Estad%C3%ADstica/3%C2%BA%20Estad%C3%ADstica/1%C2%BA%20Cuatrimestre/Programaci%C3%B3n%20lll/RepositorioGitHub/proglll-2425-PA4/Trabajo%20Final/TrabajoFinal/src/model/CSVExporter.java":{"language":"Java","code":87,"comment":0,"blank":19},"file:///c%3A/Users/Ra%C3%BAl/OneDrive/Escritorio/Universidad/Estad%C3%ADstica/3%C2%BA%20Estad%C3%ADstica/1%C2%BA%20Cuatrimestre/Programaci%C3%B3n%20lll/RepositorioGitHub/proglll-2425-PA4/Trabajo%20Final/TrabajoFinal/src/model/ExporterFactory.java":{"language":"Java","code":13,"comment":2,"blank":7},"file:///c%3A/Users/Ra%C3%BAl/OneDrive/Escritorio/Universidad/Estad%C3%ADstica/3%C2%BA%20Estad%C3%ADstica/1%C2%BA%20Cuatrimestre/Programaci%C3%B3n%20lll/RepositorioGitHub/proglll-2425-PA4/Trabajo%20Final/TrabajoFinal/bin/App.class":{"language":"Java","code":26,"comment":0,"blank":0},"file:///c%3A/Users/Ra%C3%BAl/OneDrive/Escritorio/Universidad/Estad%C3%ADstica/3%C2%BA%20Estad%C3%ADstica/1%C2%BA%20Cuatrimestre/Programaci%C3%B3n%20lll/RepositorioGitHub/proglll-2425-PA4/Trabajo%20Final/TrabajoFinal/src/App.java":{"language":"Java","code":44,"comment":2,"blank":13},"file:///c%3A/Users/Ra%C3%BAl/OneDrive/Escritorio/Universidad/Estad%C3%ADstica/3%C2%BA%20Estad%C3%ADstica/1%C2%BA%20Cuatrimestre/Programaci%C3%B3n%20lll/RepositorioGitHub/proglll-2425-PA4/Trabajo%20Final/TrabajoFinal/src/model/IRepository.java":{"language":"Java","code":9,"comment":0,"blank":10},"file:///c%3A/Users/Ra%C3%BAl/OneDrive/Escritorio/Universidad/Estad%C3%ADstica/3%C2%BA%20Estad%C3%ADstica/1%C2%BA%20Cuatrimestre/Programaci%C3%B3n%20lll/RepositorioGitHub/proglll-2425-PA4/Trabajo%20Final/TrabajoFinal/src/view/BaseView.java":{"language":"Java","code":13,"comment":3,"blank":11},"file:///c%3A/Users/Ra%C3%BAl/OneDrive/Escritorio/Universidad/Estad%C3%ADstica/3%C2%BA%20Estad%C3%ADstica/1%C2%BA%20Cuatrimestre/Programaci%C3%B3n%20lll/RepositorioGitHub/proglll-2425-PA4/Trabajo%20Final/TrabajoFinal/src/model/Task.java":{"language":"Java","code":110,"comment":6,"blank":33},"file:///c%3A/Users/Ra%C3%BAl/OneDrive/Escritorio/Universidad/Estad%C3%ADstica/3%C2%BA%20Estad%C3%ADstica/1%C2%BA%20Cuatrimestre/Programaci%C3%B3n%20lll/RepositorioGitHub/proglll-2425-PA4/Trabajo%20Final/TrabajoFinal/src/model/Model.java":{"language":"Java","code":118,"comment":11,"blank":45},"file:///c%3A/Users/Ra%C3%BAl/OneDrive/Escritorio/Universidad/Estad%C3%ADstica/3%C2%BA%20Estad%C3%ADstica/1%C2%BA%20Cuatrimestre/Programaci%C3%B3n%20lll/RepositorioGitHub/proglll-2425-PA4/Trabajo%20Final/TrabajoFinal/src/model/RepositoryException.java":{"language":"Java","code":14,"comment":0,"blank":7},"file:///c%3A/Users/Ra%C3%BAl/OneDrive/Escritorio/Universidad/Estad%C3%ADstica/3%C2%BA%20Estad%C3%ADstica/1%C2%BA%20Cuatrimestre/Programaci%C3%B3n%20lll/RepositorioGitHub/proglll-2425-PA4/Trabajo%20Final/TrabajoFinal/src/model/NotionRepository.java":{"language":"Java","code":199,"comment":21,"blank":50},"file:///c%3A/Users/Ra%C3%BAl/OneDrive/Escritorio/Universidad/Estad%C3%ADstica/3%C2%BA%20Estad%C3%ADstica/1%C2%BA%20Cuatrimestre/Programaci%C3%B3n%20lll/RepositorioGitHub/proglll-2425-PA4/Trabajo%20Final/TrabajoFinal/src/view/TTSView.java":{"language":"Java","code":25,"comment":0,"blank":10},"file:///c%3A/Users/Ra%C3%BAl/OneDrive/Escritorio/Universidad/Estad%C3%ADstica/3%C2%BA%20Estad%C3%ADstica/1%C2%BA%20Cuatrimestre/Programaci%C3%B3n%20lll/RepositorioGitHub/proglll-2425-PA4/Trabajo%20Final/TrabajoFinal/src/model/JSONExporter.java":{"language":"Java","code":78,"comment":0,"blank":15},"file:///c%3A/Users/Ra%C3%BAl/OneDrive/Escritorio/Universidad/Estad%C3%ADstica/3%C2%BA%20Estad%C3%ADstica/1%C2%BA%20Cuatrimestre/Programaci%C3%B3n%20lll/RepositorioGitHub/proglll-2425-PA4/Trabajo%20Final/TrabajoFinal/src/view/InteractiveView.java":{"language":"Java","code":272,"comment":6,"blank":86},"file:///c%3A/Users/Ra%C3%BAl/OneDrive/Escritorio/Universidad/Estad%C3%ADstica/3%C2%BA%20Estad%C3%ADstica/1%C2%BA%20Cuatrimestre/Programaci%C3%B3n%20lll/RepositorioGitHub/proglll-2425-PA4/Trabajo%20Final/TrabajoFinal/bin/model/BinaryRepository.class":{"language":"Java","code":51,"comment":0,"blank":0},"file:///c%3A/Users/Ra%C3%BAl/OneDrive/Escritorio/Universidad/Estad%C3%ADstica/3%C2%BA%20Estad%C3%ADstica/1%C2%BA%20Cuatrimestre/Programaci%C3%B3n%20lll/RepositorioGitHub/proglll-2425-PA4/Trabajo%20Final/TrabajoFinal/src/view/CLIView.java":{"language":"Java","code":25,"comment":0,"blank":10},"file:///c%3A/Users/Ra%C3%BAl/OneDrive/Escritorio/Universidad/Estad%C3%ADstica/3%C2%BA%20Estad%C3%ADstica/1%C2%BA%20Cuatrimestre/Programaci%C3%B3n%20lll/RepositorioGitHub/proglll-2425-PA4/Trabajo%20Final/TrabajoFinal/bin/model/IExporter.class":{"language":"Java","code":3,"comment":0,"blank":1},"file:///c%3A/Users/Ra%C3%BAl/OneDrive/Escritorio/Universidad/Estad%C3%ADstica/3%C2%BA%20Estad%C3%ADstica/1%C2%BA%20Cuatrimestre/Programaci%C3%B3n%20lll/RepositorioGitHub/proglll-2425-PA4/Trabajo%20Final/TrabajoFinal/bin/controller/Controller.class":{"language":"Java","code":42,"comment":0,"blank":0},"file:///c%3A/Users/Ra%C3%BAl/OneDrive/Escritorio/Universidad/Estad%C3%ADstica/3%C2%BA%20Estad%C3%ADstica/1%C2%BA%20Cuatrimestre/Programaci%C3%B3n%20lll/RepositorioGitHub/proglll-2425-PA4/Trabajo%20Final/TrabajoFinal/bin/view/TTSView.class":{"language":"Java","code":34,"comment":0,"blank":0},"file:///c%3A/Users/Ra%C3%BAl/OneDrive/Escritorio/Universidad/Estad%C3%ADstica/3%C2%BA%20Estad%C3%ADstica/1%C2%BA%20Cuatrimestre/Programaci%C3%B3n%20lll/RepositorioGitHub/proglll-2425-PA4/Trabajo%20Final/TrabajoFinal/bin/model/ExporterFactory.class":{"language":"Java","code":15,"comment":0,"blank":0},"file:///c%3A/Users/Ra%C3%BAl/OneDrive/Escritorio/Universidad/Estad%C3%ADstica/3%C2%BA%20Estad%C3%ADstica/1%C2%BA%20Cuatrimestre/Programaci%C3%B3n%20lll/RepositorioGitHub/proglll-2425-PA4/Trabajo%20Final/TrabajoFinal/bin/view/InteractiveView.class":{"language":"Java","code":156,"comment":0,"blank":0},"file:///c%3A/Users/Ra%C3%BAl/OneDrive/Escritorio/Universidad/Estad%C3%ADstica/3%C2%BA%20Estad%C3%ADstica/1%C2%BA%20Cuatrimestre/Programaci%C3%B3n%20lll/RepositorioGitHub/proglll-2425-PA4/Trabajo%20Final/TrabajoFinal/bin/model/CSVExporter.class":{"language":"Java","code":47,"comment":0,"blank":0},"file:///c%3A/Users/Ra%C3%BAl/OneDrive/Escritorio/Universidad/Estad%C3%ADstica/3%C2%BA%20Estad%C3%ADstica/1%C2%BA%20Cuatrimestre/Programaci%C3%B3n%20lll/RepositorioGitHub/proglll-2425-PA4/Trabajo%20Final/TrabajoFinal/bin/view/CLIView.class":{"language":"Java","code":35,"comment":0,"blank":0},"file:///c%3A/Users/Ra%C3%BAl/OneDrive/Escritorio/Universidad/Estad%C3%ADstica/3%C2%BA%20Estad%C3%ADstica/1%C2%BA%20Cuatrimestre/Programaci%C3%B3n%20lll/RepositorioGitHub/proglll-2425-PA4/Trabajo%20Final/TrabajoFinal/bin/model/CSVExporter%241.class":{"language":"Java","code":13,"comment":0,"blank":0},"file:///c%3A/Users/Ra%C3%BAl/OneDrive/Escritorio/Universidad/Estad%C3%ADstica/3%C2%BA%20Estad%C3%ADstica/1%C2%BA%20Cuatrimestre/Programaci%C3%B3n%20lll/RepositorioGitHub/proglll-2425-PA4/Trabajo%20Final/TrabajoFinal/bin/view/BaseView.class":{"language":"Java","code":11,"comment":0,"blank":0},"file:///c%3A/Users/Ra%C3%BAl/OneDrive/Escritorio/Universidad/Estad%C3%ADstica/3%C2%BA%20Estad%C3%ADstica/1%C2%BA%20Cuatrimestre/Programaci%C3%B3n%20lll/RepositorioGitHub/proglll-2425-PA4/Trabajo%20Final/TrabajoFinal/bin/model/IRepository.class":{"language":"Java","code":5,"comment":0,"blank":0},"file:///c%3A/Users/Ra%C3%BAl/OneDrive/Escritorio/Universidad/Estad%C3%ADstica/3%C2%BA%20Estad%C3%ADstica/1%C2%BA%20Cuatrimestre/Programaci%C3%B3n%20lll/RepositorioGitHub/proglll-2425-PA4/Trabajo%20Final/TrabajoFinal/bin/model/JSONExporter%242.class":{"language":"Java","code":13,"comment":0,"blank":0},"file:///c%3A/Users/Ra%C3%BAl/OneDrive/Escritorio/Universidad/Estad%C3%ADstica/3%C2%BA%20Estad%C3%ADstica/1%C2%BA%20Cuatrimestre/Programaci%C3%B3n%20lll/RepositorioGitHub/proglll-2425-PA4/Trabajo%20Final/TrabajoFinal/bin/model/JSONExporter%241.class":{"language":"Java","code":8,"comment":0,"blank":0},"file:///c%3A/Users/Ra%C3%BAl/OneDrive/Escritorio/Universidad/Estad%C3%ADstica/3%C2%BA%20Estad%C3%ADstica/1%C2%BA%20Cuatrimestre/Programaci%C3%B3n%20lll/RepositorioGitHub/proglll-2425-PA4/Trabajo%20Final/TrabajoFinal/bin/model/Model%241.class":{"language":"Java","code":16,"comment":0,"blank":0},"file:///c%3A/Users/Ra%C3%BAl/OneDrive/Escritorio/Universidad/Estad%C3%ADstica/3%C2%BA%20Estad%C3%ADstica/1%C2%BA%20Cuatrimestre/Programaci%C3%B3n%20lll/RepositorioGitHub/proglll-2425-PA4/Trabajo%20Final/TrabajoFinal/bin/model/Model.class":{"language":"Java","code":101,"comment":0,"blank":1},"file:///c%3A/Users/Ra%C3%BAl/OneDrive/Escritorio/Universidad/Estad%C3%ADstica/3%C2%BA%20Estad%C3%ADstica/1%C2%BA%20Cuatrimestre/Programaci%C3%B3n%20lll/RepositorioGitHub/proglll-2425-PA4/Trabajo%20Final/TrabajoFinal/bin/model/NotionRepository.class":{"language":"Java","code":123,"comment":0,"blank":0},"file:///c%3A/Users/Ra%C3%BAl/OneDrive/Escritorio/Universidad/Estad%C3%ADstica/3%C2%BA%20Estad%C3%ADstica/1%C2%BA%20Cuatrimestre/Programaci%C3%B3n%20lll/RepositorioGitHub/proglll-2425-PA4/Trabajo%20Final/TrabajoFinal/bin/model/JSONExporter.class":{"language":"Java","code":48,"comment":0,"blank":0},"file:///c%3A/Users/Ra%C3%BAl/OneDrive/Escritorio/Universidad/Estad%C3%ADstica/3%C2%BA%20Estad%C3%ADstica/1%C2%BA%20Cuatrimestre/Programaci%C3%B3n%20lll/RepositorioGitHub/proglll-2425-PA4/Trabajo%20Final/TrabajoFinal/bin/model/Task.class":{"language":"Java","code":48,"comment":0,"blank":0},"file:///c%3A/Users/Ra%C3%BAl/OneDrive/Escritorio/Universidad/Estad%C3%ADstica/3%C2%BA%20Estad%C3%ADstica/1%C2%BA%20Cuatrimestre/Programaci%C3%B3n%20lll/RepositorioGitHub/proglll-2425-PA4/Trabajo%20Final/TrabajoFinal/bin/model/RepositoryException.class":{"language":"Java","code":19,"comment":0,"blank":0}}