"filename", "language", "Java", "Markdown", "comment", "blank", "total"
"c:\Users\Raúl\OneDrive\Escritorio\Universidad\Estadística\3º Estadística\1º Cuatrimestre\Programación lll\RepositorioGitHub\proglll-2425-PA4\Trabajo Final\TrabajoFinal\README.md", "Markdown", 0, 10, 0, 9, 19
"c:\Users\Raúl\OneDrive\Escritorio\Universidad\Estadística\3º Estadística\1º Cuatrimestre\Programación lll\RepositorioGitHub\proglll-2425-PA4\Trabajo Final\TrabajoFinal\bin\App.class", "Java", 26, 0, 0, 0, 26
"c:\Users\Raúl\OneDrive\Escritorio\Universidad\Estadística\3º Estadística\1º Cuatrimestre\Programación lll\RepositorioGitHub\proglll-2425-PA4\Trabajo Final\TrabajoFinal\bin\controller\Controller.class", "Java", 42, 0, 0, 0, 42
"c:\Users\Raúl\OneDrive\Escritorio\Universidad\Estadística\3º Estadística\1º Cuatrimestre\Programación lll\RepositorioGitHub\proglll-2425-PA4\Trabajo Final\TrabajoFinal\bin\model\BinaryRepository.class", "Java", 51, 0, 0, 0, 51
"c:\Users\Raúl\OneDrive\Escritorio\Universidad\Estadística\3º Estadística\1º Cuatrimestre\Programación lll\RepositorioGitHub\proglll-2425-PA4\Trabajo Final\TrabajoFinal\bin\model\CSVExporter$1.class", "Java", 13, 0, 0, 0, 13
"c:\Users\Raúl\OneDrive\Escritorio\Universidad\Estadística\3º Estadística\1º Cuatrimestre\Programación lll\RepositorioGitHub\proglll-2425-PA4\Trabajo Final\TrabajoFinal\bin\model\CSVExporter.class", "Java", 47, 0, 0, 0, 47
"c:\Users\Raúl\OneDrive\Escritorio\Universidad\Estadística\3º Estadística\1º Cuatrimestre\Programación lll\RepositorioGitHub\proglll-2425-PA4\Trabajo Final\TrabajoFinal\bin\model\ExporterFactory.class", "Java", 15, 0, 0, 0, 15
"c:\Users\Raúl\OneDrive\Escritorio\Universidad\Estadística\3º Estadística\1º Cuatrimestre\Programación lll\RepositorioGitHub\proglll-2425-PA4\Trabajo Final\TrabajoFinal\bin\model\IExporter.class", "Java", 3, 0, 0, 1, 4
"c:\Users\Raúl\OneDrive\Escritorio\Universidad\Estadística\3º Estadística\1º Cuatrimestre\Programación lll\RepositorioGitHub\proglll-2425-PA4\Trabajo Final\TrabajoFinal\bin\model\IRepository.class", "Java", 5, 0, 0, 0, 5
"c:\Users\Raúl\OneDrive\Escritorio\Universidad\Estadística\3º Estadística\1º Cuatrimestre\Programación lll\RepositorioGitHub\proglll-2425-PA4\Trabajo Final\TrabajoFinal\bin\model\JSONExporter$1.class", "Java", 8, 0, 0, 0, 8
"c:\Users\Raúl\OneDrive\Escritorio\Universidad\Estadística\3º Estadística\1º Cuatrimestre\Programación lll\RepositorioGitHub\proglll-2425-PA4\Trabajo Final\TrabajoFinal\bin\model\JSONExporter$2.class", "Java", 13, 0, 0, 0, 13
"c:\Users\Raúl\OneDrive\Escritorio\Universidad\Estadística\3º Estadística\1º Cuatrimestre\Programación lll\RepositorioGitHub\proglll-2425-PA4\Trabajo Final\TrabajoFinal\bin\model\JSONExporter.class", "Java", 48, 0, 0, 0, 48
"c:\Users\Raúl\OneDrive\Escritorio\Universidad\Estadística\3º Estadística\1º Cuatrimestre\Programación lll\RepositorioGitHub\proglll-2425-PA4\Trabajo Final\TrabajoFinal\bin\model\Model$1.class", "Java", 16, 0, 0, 0, 16
"c:\Users\Raúl\OneDrive\Escritorio\Universidad\Estadística\3º Estadística\1º Cuatrimestre\Programación lll\RepositorioGitHub\proglll-2425-PA4\Trabajo Final\TrabajoFinal\bin\model\Model.class", "Java", 101, 0, 0, 1, 102
"c:\Users\Raúl\OneDrive\Escritorio\Universidad\Estadística\3º Estadística\1º Cuatrimestre\Programación lll\RepositorioGitHub\proglll-2425-PA4\Trabajo Final\TrabajoFinal\bin\model\NotionRepository.class", "Java", 123, 0, 0, 0, 123
"c:\Users\Raúl\OneDrive\Escritorio\Universidad\Estadística\3º Estadística\1º Cuatrimestre\Programación lll\RepositorioGitHub\proglll-2425-PA4\Trabajo Final\TrabajoFinal\bin\model\RepositoryException.class", "Java", 19, 0, 0, 0, 19
"c:\Users\Raúl\OneDrive\Escritorio\Universidad\Estadística\3º Estadística\1º Cuatrimestre\Programación lll\RepositorioGitHub\proglll-2425-PA4\Trabajo Final\TrabajoFinal\bin\model\Task.class", "Java", 48, 0, 0, 0, 48
"c:\Users\Raúl\OneDrive\Escritorio\Universidad\Estadística\3º Estadística\1º Cuatrimestre\Programación lll\RepositorioGitHub\proglll-2425-PA4\Trabajo Final\TrabajoFinal\bin\view\BaseView.class", "Java", 11, 0, 0, 0, 11
"c:\Users\Raúl\OneDrive\Escritorio\Universidad\Estadística\3º Estadística\1º Cuatrimestre\Programación lll\RepositorioGitHub\proglll-2425-PA4\Trabajo Final\TrabajoFinal\bin\view\CLIView.class", "Java", 35, 0, 0, 0, 35
"c:\Users\Raúl\OneDrive\Escritorio\Universidad\Estadística\3º Estadística\1º Cuatrimestre\Programación lll\RepositorioGitHub\proglll-2425-PA4\Trabajo Final\TrabajoFinal\bin\view\InteractiveView.class", "Java", 156, 0, 0, 0, 156
"c:\Users\Raúl\OneDrive\Escritorio\Universidad\Estadística\3º Estadística\1º Cuatrimestre\Programación lll\RepositorioGitHub\proglll-2425-PA4\Trabajo Final\TrabajoFinal\bin\view\TTSView.class", "Java", 34, 0, 0, 0, 34
"c:\Users\Raúl\OneDrive\Escritorio\Universidad\Estadística\3º Estadística\1º Cuatrimestre\Programación lll\RepositorioGitHub\proglll-2425-PA4\Trabajo Final\TrabajoFinal\src\App.java", "Java", 44, 0, 2, 13, 59
"c:\Users\Raúl\OneDrive\Escritorio\Universidad\Estadística\3º Estadística\1º Cuatrimestre\Programación lll\RepositorioGitHub\proglll-2425-PA4\Trabajo Final\TrabajoFinal\src\controller\Controller.java", "Java", 73, 0, 11, 23, 107
"c:\Users\Raúl\OneDrive\Escritorio\Universidad\Estadística\3º Estadística\1º Cuatrimestre\Programación lll\RepositorioGitHub\proglll-2425-PA4\Trabajo Final\TrabajoFinal\src\model\BinaryRepository.java", "Java", 78, 0, 0, 12, 90
"c:\Users\Raúl\OneDrive\Escritorio\Universidad\Estadística\3º Estadística\1º Cuatrimestre\Programación lll\RepositorioGitHub\proglll-2425-PA4\Trabajo Final\TrabajoFinal\src\model\CSVExporter.java", "Java", 87, 0, 0, 19, 106
"c:\Users\Raúl\OneDrive\Escritorio\Universidad\Estadística\3º Estadística\1º Cuatrimestre\Programación lll\RepositorioGitHub\proglll-2425-PA4\Trabajo Final\TrabajoFinal\src\model\ExporterFactory.java", "Java", 13, 0, 2, 7, 22
"c:\Users\Raúl\OneDrive\Escritorio\Universidad\Estadística\3º Estadística\1º Cuatrimestre\Programación lll\RepositorioGitHub\proglll-2425-PA4\Trabajo Final\TrabajoFinal\src\model\IExporter.java", "Java", 6, 0, 0, 5, 11
"c:\Users\Raúl\OneDrive\Escritorio\Universidad\Estadística\3º Estadística\1º Cuatrimestre\Programación lll\RepositorioGitHub\proglll-2425-PA4\Trabajo Final\TrabajoFinal\src\model\IRepository.java", "Java", 9, 0, 0, 10, 19
"c:\Users\Raúl\OneDrive\Escritorio\Universidad\Estadística\3º Estadística\1º Cuatrimestre\Programación lll\RepositorioGitHub\proglll-2425-PA4\Trabajo Final\TrabajoFinal\src\model\JSONExporter.java", "Java", 78, 0, 0, 15, 93
"c:\Users\Raúl\OneDrive\Escritorio\Universidad\Estadística\3º Estadística\1º Cuatrimestre\Programación lll\RepositorioGitHub\proglll-2425-PA4\Trabajo Final\TrabajoFinal\src\model\Model.java", "Java", 118, 0, 11, 45, 174
"c:\Users\Raúl\OneDrive\Escritorio\Universidad\Estadística\3º Estadística\1º Cuatrimestre\Programación lll\RepositorioGitHub\proglll-2425-PA4\Trabajo Final\TrabajoFinal\src\model\NotionRepository.java", "Java", 199, 0, 21, 50, 270
"c:\Users\Raúl\OneDrive\Escritorio\Universidad\Estadística\3º Estadística\1º Cuatrimestre\Programación lll\RepositorioGitHub\proglll-2425-PA4\Trabajo Final\TrabajoFinal\src\model\RepositoryException.java", "Java", 14, 0, 0, 7, 21
"c:\Users\Raúl\OneDrive\Escritorio\Universidad\Estadística\3º Estadística\1º Cuatrimestre\Programación lll\RepositorioGitHub\proglll-2425-PA4\Trabajo Final\TrabajoFinal\src\model\Task.java", "Java", 110, 0, 6, 33, 149
"c:\Users\Raúl\OneDrive\Escritorio\Universidad\Estadística\3º Estadística\1º Cuatrimestre\Programación lll\RepositorioGitHub\proglll-2425-PA4\Trabajo Final\TrabajoFinal\src\view\BaseView.java", "Java", 13, 0, 3, 11, 27
"c:\Users\Raúl\OneDrive\Escritorio\Universidad\Estadística\3º Estadística\1º Cuatrimestre\Programación lll\RepositorioGitHub\proglll-2425-PA4\Trabajo Final\TrabajoFinal\src\view\CLIView.java", "Java", 25, 0, 0, 10, 35
"c:\Users\Raúl\OneDrive\Escritorio\Universidad\Estadística\3º Estadística\1º Cuatrimestre\Programación lll\RepositorioGitHub\proglll-2425-PA4\Trabajo Final\TrabajoFinal\src\view\InteractiveView.java", "Java", 272, 0, 6, 86, 364
"c:\Users\Raúl\OneDrive\Escritorio\Universidad\Estadística\3º Estadística\1º Cuatrimestre\Programación lll\RepositorioGitHub\proglll-2425-PA4\Trabajo Final\TrabajoFinal\src\view\TTSView.java", "Java", 25, 0, 0, 10, 35
"Total", "-", 1978, 10, 62, 367, 2417